,Input,Counter Tweet,Bleu Score,Cosine Similarity,Predicted Party,Actual Party
0,the trump administration supports a lawsuit that would strip protections from millions of americans with preexisting conditions,the status quo is unacceptable the pain caused by obamacare is real for millions of americans we must repeal and replace this failed law,0.1602072099,0.6855387688,0,0
1,today is the 46th anniversary of roe wade we have a long way to go before the promise of roev wade is a reality for all minnesotans we are proud to fight for that promise alongside reproductive rights activists in our state,thank you to everyone who attended the march for life last friday our work to protect the unborn is never finished i will always defend life which is why i am proud to be leading the fight to defund pp the nation top abortion provider why we march,0.2642490274,0.7043261528,0,0
2,fact workers wages have not kept up with productivity,fact workers wages have not kept up with productivity,1,1.000000119,1,0
3,the fbi has prosecuted americans for compromising information far less classified than what clinton and her staff revealed,dir comey mishandling of email investigation had profound consequences for fbi and country must never be repeated,0.6111127561,0.8464992046,1,1
4,iran aggression inside israeli territory merited a forceful response these actions demonstrated iran dangerous behavior and capability have eanded significantly this is evidence that we must maintain a robust presence in the region to counter and roll back iranian aggression,while joining forces with our allies to better contain iran conventional capabilities and nefarious conduct in the region and beyond,0.07824804607,0.8273530006,1,1
5,socialism is a rigid ideology that always ends in tyranny,medicare is socialism,0.08762406446,0.711481452,1,1
6,too many of us myself included are still paying off our student loans here my plan to get rid of student loan debt if you work for college college should work for you do you agree join our movement to cancel debt,good news icymi this is the essence of betsy de vos ed visit to butler tech on friday college is a great option for many but there is also great dignity in work that does not require college for too long the popular message has inflated 4-year degrees at the expense of others,0.6590692246,0.5013917685,0,0
7,economic confidence numbers are double under cc this is why companies now investing in their workforce/workplace claim it is because of the tax cut not bc of the president who preceded the president that gave us the tax cut,the math simply does not add up the house gop tax plan borrows from the future to give the rich a tax cut,0.1768548471,0.8111570477,1,1
8,rep ilhan omar has been at the center of a lot of controversy but these minneapolis constituents have her back,the honorable and amazing mike pence on mayor pete in i hold mayor buttigieg in the highest personal regard i see him as a dedicated public servant and a patriot why is mayor pete fabricating a controversy where there is not one,0.516973154,0.6510907412,0,0
9,i do not want this testimony to just occur behind closed doors congressman biggs and i are fighting for are subpoenas so before the judiciary committee and all the american people we can get answers to these questions and ee the bias we know exist,we continue to find more evidence that judge kavanaugh misled me and the judiciary committee under oath i am posting important documents that senate republicans did not want the american people to see we deserve transparency about this nominee,0.1960856432,0.8199659586,1,1
10,rod rosenstein threatened congressional staff when the bully picks on your little brother you have to respond it is time for house leadership to stand up,to the party of ronald reagan now is the time to stand up to president trump assault on our country free press not the enemy,0.1772917165,0.6375949383,1,1
11,longterm dependence on public programs of any kind is not a part of the american dream that i am familiar with and i do not think anybody out there believes that as well so this idea is to get folks back out there on their own two feet 2018farm bill,our economy is not working for working people the cost of living is going up but paychecks are not keeping up people are drowning in debt for the first time we have a whole generation of americans living with the sinking belief that they may not do as well as their parents,0.3205502559,0.7030619383,1,1
12,thanks to historic taxreform and regulatory relief america is better off now because we have an economy built for growth,thanks to all who 've supported our bill so far a better deal means creating millionsof jobs for americans and rebuilding aging infrastructure,0.3152861344,0.7666034698,1,1
13,preserving the independent funding is critical including to the vets and servicemembers it protects,great house vet affairs roundtable on the need to modernize gi bill so vets have access to high-quality modern-day learning opportunities,0.614788153,0.7222337127,0,0
14,this is not a drill within the hour will vote to start the process of destroying health care with no specific plan yet,it is time to do away with the continued failures of obamacare it is time to vote,0.5415582509,0.7860319018,0,0
15,we need a special prosecutor totally independent of the ag we need a real bipartisan transparent congressional investigation into russia,mattgaetz on dem memo i think we need a second special counsel because the justice dept and the fbi can not possibly investigate themselves and it is their very actions which we are now questioning,0.1322148042,0.8168353438,0,0
16,together we can do whatever we set our minds to we can make our economy fairer make sure women are heard and valued and hold this administration accountable for its discriminatory policies most importantly we can get the influence of dark money out of politics for good,many past administrations and members of congress have fought for criminal justice reform but it took real donald trump administration to get it across the finish line the first step act will make our justice system fairer and our communities safer,0.2526556761,0.6655173898,0,0
17,ivanka trump is one of the most intelligent accomplished caring and incredible people i have ever had a chance to meet our country is in a better place thanks to her and leadership,gillibrand is focused on this year not more than this gillibrand is one of the great leaders of our party and her own independent actor her moral compass and passion for justice are authentic and this kind of leadership is needed for new york and our nation,0.06118677914,0.6837208271,1,1
18,this rash decision isolates america not iran,america european allies have a clear choice stand with the united states and the free world or continue to appease the iranian regime the world biggest state sponsor of terror european investment in iran is dangerous and wrong,0.4789736254,0.745334506,0,0
19,dr ford has been amazing she is an inspiration and source of strength to every survivor,rip to the courageous lauren hill thank you for being an inspiration,0.2782095306,0.7230684757,0,0
20,here comes starting off the senate vote to get the us out of the saudiemirati coalition devastating yemen,house republicans have been working to get our military the resources it needs to keep the peace for months learn more about how today vote on the bipartisan budget agreement achieves that goal soon,0.2704204919,0.7756146789,0,0
21,china use of genetic sequencers in xinjiang drew criticism and now the products us maker is responding,our budget should reflect our values but as countless people in congo face a deadly ebola outbreak republicans in congress continue to push for a cruel rescissions package that eliminates funding for responding to life-threatening outbreaks,0.4854917717,0.4041833282,1,1
22,this is the last taay americans will be forced to comply with an outdated and overly burdensome tax code see how the new tax cuts and jobs act which was signed into law late last year is already providing relief to iowans and folks across the country,you literally just signed an executive order that will result in premiums skyrocketing across the country,0.03521801982,0.6997665167,1,1
23,in response to questioning judge kavanaugh refuses to say it is constitutional for a president to even be investigated whats at stake,if you are going to say the president should be impeached you should be prepared to take questions from reporters,0.306455312,0.7541763186,0,0
24,the ultimate measure of a man is not where he stands in moments of comfort and convenience but where he stands at times of challenge and controversy today we honor rev dr martin luther king jr by turning his words into action mlk day,today we remember the voice the life and the legacy of dr. martin luther king jr. a man who showed us by his example that the time is always right to do the right thing mlk ihaveadream mlk day2018,0.1572554643,0.8510442972,0,0
25,joined by superstorm sandy survivors and in union beach new jersey i am grateful for the governor commitment to reallocate million in federal funds to help families still displaced from the storm get back into their homes,to the first responders in florida thank you and to all floridians we are with you as you rebuild your homes and your lives,0.4113790376,0.7689480782,0,0
26,fire recovery resources for residents and businesses impacted by the creek fire skirball fire and rye fire will be available at a local assistance center this week where lake view terrace rec center when tuesday dec friday dec 128pm saturday dec 8am 4pm,reminder sandbags available for residents in dorchester county at 10am,0.0169348978,0.7215473056,0,0
27,just in us gdp growth hits in q2 the fastest since,as paulkrugman writes gdp numbers have been good in recent quarters but much of the growth has gone to soaring corporate profits while median real wages have gone nowhere our new bill will help present a clear and accurate picture of who the economy is really working for,0.5372849659,0.7167512178,1,1
28,icymi chairman opening statement at today irs targeting scandal hearing,today the gop financial cmte has a hearing about restructuring the cfpb another way of saying they want to weaken it,0.5555238068,0.641148448,1,1
29,has demonstrated no prior commitment to ensuring equal educational opportunity in schools dump de vos de vos facts,taiwan has demonstrated to the world that freedom is a stabilizing force that free enterprise free association and free speech lead to entrepreneurship prosperity and security ed feulner,0.2509862124,0.3648433685,0,0
30,warns do not even think about firing robert mueller video,sen schumer warns real donald trump do not even think about firing robert mueller video,0.5659119257,0.7061060071,1,0
31,years we started we never could have dreamed it would grow to the size it is today thank you to the amazing people who made this journey possible to the chapter leaders students staff and supporters we are made stronger by your endless commitment onward,"years ago i started turning point usa a movement now on over 1,300 campuses across the country over people on staff over 35,000 active donors and over 6,000 students attending our events each year thank you to everyone who made this possible i will never forget you",0.187403743,0.6546473503,0,1
32,free trade we should work with our closest allies and best trading partners to apply pressure on bad actors uniform tariffs do the opposite uniting others who will retaliate against america instead targeted actions could work for america that would be smart trade,in case you missed it rep jayapal and i will introduce a bill to protect the more than 2m domestic or in-home workers in america the work they do is the work our economy is built on and they deserve the same workplace protections as others,0.6992922471,0.5276957154,1,1
33,president and participate in a press conference in hanoi vietnam on february,big news sen sanders and i will be holding a press conference at hvc studio immediately after today vote on our yemen war powers resolution tune in live to the senator livestream and let us get this to the finish line,0.1170356571,0.6425430775,1,1
34,most of my conservative colleagues and i in the house campaigned on changing the status quo no one that i am aware of campaigned on an amnesty plan gun control plan or lifeline for obamacare which are all rumored to be in this appropriations bill cwc115,house gop combined the fix nics bill w/ the nra top priority concealed carry reciprocity creating a bill which would be even worse than the status quo i strongly urge senate gop to avoid making the same mistake and instead work w/ dems to pass real gunsafety solutions 5/5,0.118774135,0.8039842844,1,1
35,the republicanled government has had a productive year so far we can not lose our momentum,to the voters who made themselves heard last night our victories across the country belong to you and we are just getting started next year let us build on this momentum to take back the house and senate,0.6022774486,0.7395859957,1,1
36,congress has a moral duty to pass the dream act asap dreamers make america more american mtp,prominent legal scholars agree that our actions to address the national emergency at the southern border and to protect the american people are both constitutional and expressly authorized by congress,0.6042750795,0.747084856,0,0
37,on illegal immigrant appointed to state government in california i do not know what is going on in california these days everyday there has a new story about this where they are just defying federal law,california will fight the texas judge affordable care act ruling but know this despite the court decision open enrollment is still going on in california you have until january to enroll at,0.07848811491,0.6470178962,1,1
38,homeland security committee hearing on hurricane harvey response and lessons learned glad we are talking about it but houstonians want action,we are about to get an update from uscg fema on hurricane harvey response,0.133271853,0.7677493095,0,1
39,medical professionals say the measure perverts the doctorpatient relationship by forcing physicians to peddle junk science and reinforces the disproven stereotype that a large number of women who access abortion care later regret having done so,fact abortion is not healthcare much less an essential part of women health care and abortions in the third trimester are not done to save a woman life via public discourse,0.266926931,0.7688210607,0,0
40,amen i am proud of too and grateful for her what she did today is historic and something that should make us all respect and recognize and yes i also share that prayer,amen i am proud of kamala harris too and grateful for her what she did today is historic and something that should make us all respect and recognize and yes i also share that prayer,0.8935248372,0.9527891874,1,0
41,the reaction to speech proves the very point she was making,the reaction to ilhan mn speech proves the very point she was making,0.6703420896,0.9124388695,1,0
42,i want to thank and his administration for working with congress to improve healthcare for our nation veterans,i want to thank the millions of people around this country who stood up and fought back against the pathetic republican health care bill,0.1041441909,0.7713254094,1,1
43,if you are a prolife singleissue voter then i respect your standpoint but then please leave snoopy out of this,we asked for respect for women we were met with contempt late last night iowa passed an unconstitutional 6-week abortion ban a gop plot to challenge roe wade i fought back and need your support to take this voice to congress,0.5909442849,0.6266357899,1,0
44,apparently a vote on a bill this bad must occur under cover of darkness dont bankrupt america,the senate may vote on their tax bill today important to understand that the gop messaging around this bill is completely dishonest it destroys our healthcare system while catering to the richest in our nation call your senators today tell them to vote no 202-224-3121,0.2120062676,0.7338708639,1,1
45,he demeans and humiliates women as if we are objectsrather than human beings worthy of love and respect on trump,trump should speak to america women based on the issues about which they care prosperity and security kelly file,0.6426418339,0.7640213966,0,0
46,if hillary tried to factcheck donald in real time she would not have time for anything else so here debate,it is evident democrats are unwilling to compromise they are uninterested in negotiating speaker pelosi even jokingly admitted she would only give to fund a border wall our border security is not a joke it is time to stop putting politics over people secure our border,0.2320305803,0.5072804689,0,0
47,it is a good thing we have republican control of congress or the democrats might bust the budget caps fund planned parenthood and obamacare and sneak gun control without due process into an omniwait what,republicans in congress have spent years trying to repeal the affordable care act and senate maj ldr mc connell is still at it the american people have come together time and time again to protect the aca and we are not about to give up,0.668740305,0.817496419,1,1
48,media bias alert on friday when the mueller report was completed isis last stronghold in syria was also eliminated since then msnbc has not covered isis defeat for a single minute refusing to acknowledge this huge win for and the world,the paris attacks were an isis attack likely directed and equipped out of syria my interview on this week abc,0.2589829108,0.7538238764,1,1
49,by obama second term the middle east was still a disaster isis was growing north korea was pointing missiles at the united states now under north korea is peaceful isis is defeated the troops are coming home maga,american troops have been killed in the line of duty from an attack claimed by isis praying for the troops lost and their families i have pressed the president to reverse his decision to withdraw stabilization funds from syria isis is clearly not defeated,0.3123114044,0.7643848062,1,1
50,with wide bipartisan support the house has agreed the american people deserve to know the truth about what if anything special counsel mueller has uncovered and now we should finally see this investigation come to a close,with wide bipartisan support the house has agreed the american people deserve to know the truth about what if anything special counsel mueller has uncovered and now we should finally see this investigation come to a close,1,1.000000119,0,1
51,we join the thousands from all over the midwest right now in federal plaza for the march4life chi human life is unique from day one and we are celebrating it today whywemarch prolife,this weekend we helped celebrate the 171st liberian independence the liberian community is vibrant and a vital part of minnesota it was an honor to join them,0.5713782231,0.6792052388,1,1
52,lgbtq+ communities are disproportionately impacted by the issues facing our country access to healthcare housing gun violence and workplace discrimination i am proud to be endorsed by and am grateful for their work to continually push our party to do better,today we celebrate hardworking people across the united states i am proud to join my house gop colleagues in our work to create pro-growth policies that provide more opportunities for all americans happy labor day,0.07329594045,0.6724261045,0,0
53,recaps did a lot that he will never get credit for,trump deserves a lot of credit but again you have the anti-trump people who are not going to give him a lot of credit,0.2715160733,0.3799835443,0,1
54,millions of people suffer from depression and mental illness but tina is right too many americans suffer in silence they should know it is okay to ask for help her compelling speech is an important step in our effort to end the stigma behind mental health issues,each year millions suffer in silence for fear that getting help will result in their being blamed thank you for your voice katieporteroc everyone has a right to live free from abuse it is past time the violence against women act is reauthorized,0.1406168728,0.5929788351,1,0
55,republicans have focused on policies that will improve people lives but it is becoming evident washington democrats do not see things this way they have called for raising taxes on hardworking americans abolishing a full government takeover of health care,if raising taxes on the middle-class was not bad enough senate gop is now plotting to undermine the aca and americans access to health care,0.1120743812,0.9003103971,1,1
56,you are meant to be where you are keep changing the equation and speaking out you are making a difference in so many people lives,i find a lot of fulfillment and purpose in what i am doing and really believe that i am making a difference for my kids and the next generation womens history month,0.1417056217,0.5077940226,0,0
57,our great patriot farmers will be one of the biggest beneficiaries of what is happening now hopefully china will do us the honor of continuing to buy our great farm product the best but if not your country will be making up the difference based on a very high china buy,what we do today is even more consequential because of what is happening in our country people lives freedom security they all hang in the balance the country is watching us the world is waiting on us the future depends on it have no doubt we will seize this moment,0.06576462092,0.5293688178,1,1
58,breaking more than congressional representatives call for investigation into sexual abuse at don hutto immigrant detention center the letter led by and raises concern for laura monterrosa ella habla me too,tune in now press conference calling for investigation on the fbi special treatment of hillary clinton,0.1309412331,0.7341980338,0,0
59,thanks to progrowth policies and the tax cuts and jobs act the economy is in a pretty sweet spot,no president trump the economy is not absolutely booming when nearly percent of workers live paycheck to paycheck instead of an agenda for the wealthy few we need to create an economy that works for all of us,0.1185572302,0.801264286,1,1
60,you deserve a real infrastructure plan that truly creates jobs and rebuilds america not this sad joke from that goes cheap and privatizes our assets thread,the tax cuts and jobs act is going to give our economy the jolt it needs and hardworking americans the opportunity they deserve,0.5993264375,0.7117244601,0,0
61,nonpartisan study concludes that romney tax breaks for the wealthy will inevitably hurt the middle class,speaker paul ryan touts the new gop tax reform plan saying it will deliver real relief to the middle class,0.2046592066,0.8499692678,0,0
62,we have a major problem with educational inequality and we need to tackle it head on in a biden administration we will triple title i funding creating a historic investment in schools serving a high proportion of children from lowincome families,care for children in need should always go beyond party lines both parties need to come together to extend chip funding now,0.1359907911,0.7147161961,0,0
63,housing costs are a real obstacle to families in ma and across the country and we can not fix it by nibbling at the edges that is why i have got an affordable housing bill to build 3m new housing units reduce rents by and create 15m jobs we can do this,we want to fix this the mortgage choice act will increase financing choices for families and first-time homebuyers so they have convenient and affordable options to purchase a home where they can raise their kids and live their version of the american dream,0.6233857289,0.7496672869,0,0
64,this is the real cost of the shutdown a breast cancer survivor having to decide between buying medications or buying food a family selling their truck to pay for the house and keep the heat on this shutdown is hurting americans,the house just voted to fund the government senate democrats need to take a serious look into the mirror and decide if they really want to shut down the government and deny health care to nearly million children in order to provide amnesty for people here illegally,0.2670756222,0.645031333,0,0
65,eager to be there with you al05 flip the5th,this afternoon i met with president-elect real donald trump we are eager to get to work on behalf of this great country,0.2838702105,0.2825145125,0,0
66,the fighting homelessness through services and housing act is supported by more than individuals and organizations thankful to also have the support original cosponsors,they are our neighbors our brothers and sisters and our mothers and fathers these are the ones hurting from the opioid crisis it is our duty to come alongside these individuals and see them through to recovery so they too can experience the american dream,0.2521193618,0.678394556,0,0
67,historian corrects the record and media distortions about the electoral college no it had nothing to do with slavery via,it is well past time we eliminate the electoral college a shadow of slavery power on america today that undermines our nation as a democratic republic,0.1591178311,0.7557929754,1,1
68,trump budget cuts billion from medicare slashes billion from social security cuts billion from student loan programs all while directing billions to build his wall make no mistake this budget will hurt the poor elderly and americans with disabilities,americans are better off now thanks to house gop commitment to our military the budget for a brighter american future strengthens this commitment by investing in a strong national defense learn more,0.5051880728,0.6768516898,0,0
69,here how she has already done damage to our reproductive health and rights at tracking trump,thank you real donald trump for standing for the rights of newborn abortion survivors resist infanticide,0.5946035575,0.6794076562,0,0
70,icymi a blackfoot company says it will use the gop tax cuts to invest in technology and new employees in eastern idaho taxreform,democrats to unveil trillion infrastructure plan seek reversal of gop tax cuts to finance it,0.1020517877,0.8261394501,1,1
71,can not wait to see more pictures just like this in the coming year young progressive leaders setting up their new offices welcoming constituents,happy to welcome my former intern rachel her family and sosouthcarolina to my office for capitol hill day truly an inspiring bunch can not wait to see you all again,0.1162211182,0.5593481064,0,0
72,i heard gunshots iraq war veteran oscar stewart said and everybody got up and started trying to get out the back door so i for whatever reason i did not do that i ran the other way i ran towards the gun shots a hero,lucy mc bath is a hero after losing her son to gun violence she ran for congress against her nra incumbent she was previously a flight attendant lucy was outspent 5-1 but she kept running with her conviction she won flipped ga-06 in a major upset no one saw her coming,0.2202433314,0.4456510544,1,1
73,grateful to kick off my first iowa trip as a presidential candidate surrounded by generations of family at my aunt alma home all that i am is because of the work sacrifice and love of my ancestors as i said last night i am going to run a campaign my family can be proud of,i am proud to be from a state that leads the country in energy production and grateful for the opportunity to have been invited by my friend and our majority whip steve scalise to visit louisiana to see first-hand the opportunities involving offshore energy,0.2242239168,0.7208428383,0,0
74,today the committee received about new pages of documents from state dept including patrick kennedy emails still waiting on others,today i led a group of lawmakers in a letter to chairman nunes of the house intelligence committee urging the release of the fisa memo to the public the american people deserve to know the information it contains release the memo,0.5588805989,0.7513724566,0,1
75,chinese telecom giant huawei hires former obama cyber security official as a lobbyist this is not good or acceptable,secretary mattis said it is good for our national security to stay in the irandeal chairman dunford said iran was complying with the terms,0.5946035575,0.6539987922,1,1
76,mccabe absolutely got what he deserved he authorized leaks to the media he was depriving the washington dc field office of jurisdiction when it came to investigating hillary and the clinton foundation and he was working w/doj to pave the way so hillary never faced consequences,trump and whitaker should take note we will protect the special counsel investigation and the independence of doj should whitaker fail to recuse himself and seek to obstruct the investigation or interfere in any way he will be called to answer his actions will be exposed,0.269994915,0.7468791008,1,1
77,the economy is firing on all cylinders and it is thanks to progrowth policies like taxreform,as paulkrugman writes gdp numbers have been good in recent quarters but much of the growth has gone to soaring corporate profits while median real wages have gone nowhere our new bill will help present a clear and accurate picture of who the economy is really working for,0.09907766623,0.7015273571,1,1
78,references his letter to fossil fuel companies how widespread is climatechange denial exn knew,i sent a letter to potus signed by of my colleagues urging he minimize harmful impacts of obama admin epa regs,0.2626909894,0.662974596,0,0
79,economy continues to rank as top us problem,it is not just a coincidence that of all new income is going to the top that is the result of an economy that is rigged in favor of the wealthy,0.5577503997,0.6205108762,1,1
80,the fruit of the spirit is love joy peace patience kindness generosity faithfulness gentleness selfcontrol galatians pentecost sunday,this nowruz in the spirit of hope and new beginnings let us renew our faith in one another and commit ourselves to the ongoing fight for peace and justice in our communities and around the world eid-eh shoma mobarak,0.2410074403,0.5349269509,1,1
81,sad house dems gavel down a black woman trying to silence her from defending herself after they call her despicable brings back particularly ugly chapters in the history of the democratic party,the latest instance of this president disrespecting black women and accomplished black candidates is an attempt to silence these systemically marginalized communities this is deeply troubling for our democracy,0.2525960055,0.7620506287,1,1
82,in separate locations creating another jobs i have been working nicely with gm to get this done thank you to mary your great governor and senator rob portman with all the car companies coming back and much more the usa is booming,and it is not being rushed thru to help workers in fact senate gop refused to accept a sen sherrod brown a better deal amendment to help companies keep and grow jobs in the usa so much for america first,0.2756463827,0.596879065,1,1
83,those who stand in the way of tax reform in the house and senate are standing in the way of americans getting a pay raise,republicans in the house and the senate are cutting backroom deals in a rush to pass their massive corporate tax cuts into law which could amount to a complete disaster for middle class families we must keep fighting back against this bill,0.07387254485,0.8333021402,1,1
84,another example of how donald trump government shutdown is hurtiing people in our country,president trump is a disruptive force in washington for the republicans and democrats who work to keep everything the same in this country but the forgotten men and women of america wanted to see things done differently that is why they elected real donald trump,0.2346235032,0.8084979057,0,0
85,chairman takes a moment to honor the heroes of united airlines flight whose sacrifice on seventeen years ago may have saved the us capitol from destruction never forget11,chairman rep mc caul takes a moment to honor the heroes of united airlines flight whose sacrifice on seventeen years ago may have saved the u.s. capitol from destruction never forget911,0.7497367089,0.962014854,0,1
86,"breaking the senate just passed the california desert protection and recreation act our bill to update and eand protections for 716,000 acres of the california desert",breaking news the senate has passed the water resources development act by a vote of to the bill now goes to the president for his signature this marks the 3rd wrda bill passed by congress under rep bill shuster chairmanship wrda works,0.3361997479,0.7189381123,0,0
87,fantastic thanks to march for life speaker the people of lousiana may get their say on abortion whywemarch prolife,can not say we are surprised but we should all be outraged overseeing this change are people who worked for groups that oppose abortion rights they also apparently oppose birth control,0.599341809,0.741784811,1,1
88,join us live on and fox news facebook live,i will be live on facebook at 3pm to discuss the success of historic initiatives prop and make sure to tune in,0.3050383927,0.5874158144,1,1
89,louisiana coast is home to some of the busiest ports in the nation learn why investment in port and waterway infrastructure is so vital to our nation and the world economy wrda works,the port of boston has been vital to our economy since the colonial era but we need to keep investing in infrastructure for it to succeed,0.14804682,0.8422363997,1,1
90,press conference unveiling my medical cannabis research act today alongside reps darren soto fl0 carlos curbelo fl26 lou correa ca46 ryan costello pa06 steve cohen tn0 and barbara lee ca13,today we are celebrating the naming of the ud biden school over guests are taking part in a series of luncheons highlighting the research and breadth of experience at the ud biden school,0.5491004868,0.4634993076,1,1
91,joshua tree california fragile desert was left open during the shutdown despite reduced staffing the result vandalism campfires illegal offroading protected trees cut down for fire wood this damage could last for hundreds of years,more great news on earth day air pollutants have been declining for more than years,0.1592851816,0.5525151491,0,0
92,this aggression will not stand man,one of the time-tested counters to acts of aggression is american military strength and readiness,0.5081327482,0.3797868788,0,1
93,with a credible allegation against someone seeking a lifetime appointment like kavanaugh we should not just rush this through to meet an arbitrary gop deadline without taking a closer look whatsthe rush postpone the vote,dems spent months saying weneednine now they should follow through and give this superbly qualified scotus nom an up-or-down vote,0.3340135926,0.8065373898,0,0
94,breaking new report shows how californians could be impacted by the trump administration unwillingness to defend people with preexisting conditions spoiler ale it is terrible news for a lot of californians more on the report here,president real donald trump is traveling to california to meet with those impacted by the devastating wildfires learn how the trump administration is supporting the state of california during this emergency,0.20340093,0.7108048201,0,0
95,the campaign we are building will have one core mission restoring power to people i will not accept contributions from corporate pacs or federal lobbyists and i am not afraid to take on trump special interests or any powerful system never have been,do not waver in your support of real donald trump he is fighting alone daily to protect our country and to fulfill the promises from the campaign i am so sick of people from our side finding every excuse to attack the greatest president of our lifetime we must have his back,0.3146660997,0.6915234327,0,0
96,watch the attached video in rt of at the second mark you see the armed pro maduroregime gang know as colectivos arrive on motorbikes and then start firing on protestors in caracas venezuela,bad enough that turkish security forces attack protesters back home outrageous to see them do so here and while erdo an watches,0.3330462805,0.7127153277,1,1
97,"man making death threat to rep ilhan omar had over 1,000 bullets and illegal guns","in chicago despite having the strictest gun laws in the country a person is shot every hours and murdered every hours over 1,785 have been shot this year were shot and killed in criminals love gun control because it ensures only criminals control the guns",0.5081327482,0.6485122442,0,0
98,starting soon watch live at the link,the malibu evacuee update meeting livestream will begin at pm on our you tube channel you can also sign up for an e-newsletter summarizing the meeting events all information to the sign up and a link to the live stream on,0.5588805989,0.6486386061,1,1
99,two words blue wave,theonly pod redrocket1962 it was not a wave it was the smallest margin of victory for some time was a wave,0.4671379777,0.4587230384,0,0
100,i support the suit brought by california and other states against president trump socalled border emergency which is not really an emergency at all as president trump said in his rose garden speech on friday i did not need to do this but i would rather do it much faster,i did not need to do this but i would rather to do it much faster president real donald trump mr. president how can this possibly be an national emergency if you are saying you do not need to do it unreal fake trump emergency,0.2699143157,0.7466742396,1,0
101,sen cory booker tabling the tax vote until alabama sen doug jones is sworn in is the right thing to do,seven new gop senators have been sworn in welcome and follow senator braun marsha blackburn sen kevin cramer sen mc sally az senator romney sen rick scott and sen hawley press,0.2560909674,0.7512241006,0,0
102,there are too many tragic stories too many lives destroyed by opioids is fighting the opioidcrisis head on we have got our fight plan detailed at,about to speak about the devastating impact that trumpcare will have on fighting the opioid crisis in ma watch,0.2275124887,0.6560801268,1,1
103,great to see this photo today of taking time to talk with students from in washington dc rep swalwell got to meet with students from our local colleges during his labor day visit to huntsville al05 hbcu,congratulations to john yu a student at northshore hs in slidell for winning this year congressional art competition for the 1st congressional district of louisiana his artwork will be displayed in the capitol this year it was great to meet him and congratulate him in person,0.2965086785,0.7531479597,0,0
104,i am incredibly saddened to hear about the passing of president george hw bush president bush dedicated his entire life to public service including so many different roles in elected and appointed positions,president george h.w bush leaves behind an extraordinary legacy of service and lifelong dedication to our country that he loved i am saddened to hear of his passing my thoughts are with his loved ones,0.1943263894,0.7951009274,1,1
105,days that is all that separates us from election day we need you all in over the next days so we can keep texas red free and prosperous sign up to volunteer here ten cruz crew keep texas red,for folks who live in iowa senate district this tuesday is election day i am pumped to be helping get out the vote for eric giddens4ia today you can help too sign up to volunteer,0.0815988979,0.7745036483,1,1
106,breaking trump designates iran revolutionary guard as terrorists earns praise of ted cruz,in a rebuke to trump the senate votes to halt u.s. support for the saudi-led war in yemen,0.4854917717,0.8144103885,1,1
107,so if somebody does not win if they commit a crime it is irrelevant to american national security,giuliani removes all doubt the white house effort to force doj to give investigatory materials to congress is really about the defense team getting their hands on them if the president is charged with a crime he has a right to see the evidence not before,0.2320305803,0.6885032654,1,1
108,we will leave no one to fight alone for their civil rights pride,this country has the greatest fighting force in the world we can not shy away from the threats we face we must confront them and we can not leave our troops unprepared on the battlefield we must equip them,0.4758733096,0.6337946057,0,0
109,i am so grateful to have had brett kavanaugh as a colleague he was always supportive and strong and caring and someone whose integrity and good judgment i value enormously former secretary of state confirm kavanaugh,grateful for the dozens of nj leaders who just endorsed my run for president as longtime colleagues friends mentors and heroes their faith in my leadership is something i do not take lightly i am humbled by their kind words and more motivated than ever,0.2521193618,0.6551913023,1,1
110,as a graduate of i am inspired to see this school leading the way to innovation and success in the 21st century economy,so inspired by the next generation of leaders stepping up and demanding more thank you to all the students participating in the national school walkout around the country your courage will help lead the way for change enough is enough,0.3277456805,0.6299574971,1,1
111,the sutherland springs community eeriences secondhand trauma again via,i am heartsick for the victims families and community of sutherland springs but i am more than heartsick i am angry,0.3123939937,0.5563725233,1,0
112,you took an oath to protect children students teachers and school leaders of all backgrounds do your job protect trans students,justice samuel alito administers the oath of office to our new epa administrator scott pruitt ok congratulations,0.512249032,0.5499324799,0,0
113,aul catherine glenn foster eertly elaining jurisprudence re similar week bills in the states highlighting the urgent need to protect both maternal health and the lives of preborn children,charlie and little ones like her are at the heart of the fight to protect our care the aca means their families can focus on what matters living their lives to the fullest not worrying about how to pay for their children health care,0.2696309345,0.6032545567,1,1
114,blasts the 'antiwomen march the 'mean girls need to take a look in the mirror,republicans cynically asking why dr. blasey ford did not come forward earlier should look in the mirror their shameful attacks show exactly why it is hard for survivors to come forward we should respect and listen to her not try to bully her into silence,0.05381887058,0.5572517514,1,1
115,as we celebrate christmas and the holiday season let us rededicate ourselves to a world of peace and economic social racial and environmental justice,wishing a happy passover to all those celebrating in america israel and around the world,0.4170066658,0.6977174282,0,0
116,wrapping up with more health care school choice intelligence and a guest appearance from on teletown hall,sec price md house democrats are prepared to fight graham cassidy to protect the health and well-being of all americans protect our care,0.6009638585,0.4881063104,1,1
117,if we are going to defend our country we need to make better use of innovation that occurs in the private sector our troops deserve the best and most reliable equipment to keep them safe fy1ndaa,if we are going to fix what is broken in our democracy and restore power to the people of this country we need to stand up to powerful institutions whether that is the healthcare industry the oil and gas lobby or sometimes our own party,0.151624617,0.6583104134,1,1
118,when we talk about bringing jobs to the community we need to dig deep has the company promised to hire in the existing community what is the quality of jobs how many are promised are these jobs lowwage or high wage are there benefits can people collectively bargain,million that is how many job openings there are across the country more jobs than people seeking them that forces companies to pay higher wages and benefits to attract workers,0.1840312894,0.7827234864,0,0
119,the us agency for global media is in profound need of new leadership scandal after scandal has arisen from poor management the agency still run by obamaera executives who are determined to preserve their influence and power and it shows,this administration trend toward decreasing transparency is frightening depriving the people of information and power we have already seen this in the creative edits made to the helsinki transcripts,0.2156011633,0.6474878788,1,1
120,alive from new york little boy at weeks looking a lot like his big sister iamprolife,hearing the heartbeat is a very exciting moment it is the moment they know their child is alive and that there is a very good chance they will be holding him/her in months march for life conference speaker g christiemd uniquefromdayone,0.4699606921,0.4671637416,0,1
121,i am far from it but thank you for your kind and encouraging words,thank you for the kind words,0.1416267794,0.7967662811,0,0
122,the trump admin claimed the avg american would see an increase of 4k a year b/c of tax cuts but after adjusting for inflation the avg hourly wage for workers was the same in june as it was in june gop tacam,since real donald trump signed the tax cuts and jobs act into law months ago of workers have higher take-home pay consumer confidence is at an 18-year high unemployment is at an 18-year low promise made promise kept,0.2390908584,0.7671536207,0,0
123,the first 100 days for the people were just the beginning excited about continuing to show the american people we are serious about fighting for their families each and every day,it is been two years since house gop offered the people a positive unified agenda a better way we are delivering on our promises and the american people are better off now watch live,0.1727833085,0.7574310303,0,0
124,it was an honor to host an iftar in the us capitol last night along with my congressional colleagues and this sacred tradition of breaking the daily fast during ramadan is a time for unity and fellowship,it is my honor to join rep bost and rep shimkus in welcoming my friend and colleague steve scalise to the 21st congressional prayer breakfast in collinsville he is a true reminder of the power of prayer,0.3737810509,0.6771505475,0,0
125,"michael cohen has not been held accountable for his lies, he should not be trusted",the president pardoned dinesh d'souza who was convicted for similar crimes that michael cohen is being investigated for it is troubling for me rep. lieu says,0.2606465462,0.7210794091,1,1
126,stripping away rights from millions of peaceful gun owners is not the answer,when washington liberals talk about gun control it is less about guns and more about control the goal of the left is now stripping away rights of law-abiding citizens in favor of giving more power to the government,0.1289614934,0.8071841598,0,1
127,listen to saying it is time to impeach listen to and and calling for an impeachment inquiry this is the the sound of congress coming to life and finally pushing back against a lawless and imperial presidency,happening now every week we learn more about the fbi/doj questionable actions during the election the doj can not investigate itself that is why we are calling for a second special counsel it is time,0.1529357046,0.7103264928,0,0
128,that is why congress has enacted bipartisan legislation to work with local communities to stop these heinous crimes bills to date,the people of new jersey sent me to congress because they are tired of partisan gridlock they want to see our congress get to work on legislation that will make people lives better this spending agreement is exactly the type of bipartisan bicameral legislation we need 1/,0.2540075964,0.7943140268,1,1
129,record breaking migration numbers reach highest point in years last month migration was up percent compared with april border crisis,the only crisis at our border is the humanitarian one caused by this administration cruel actions against immigrants and asylum seekers we must be better and in california we will be,0.5577503997,0.5997101068,1,1
130,skeptics the results of tax reform mere crumbs reality us workers see biggest pay benefit increase in years,on lawrence o'donnell show tonight i said that the tax reform act of which lowered the corporate tax rate by points led real wages to fall for years here is the data,0.2664492996,0.8054298162,1,1
131,must remove rep nunes of his chairmanship immediately,must-read rep. matt gaetz never say never on trump pardon because who knows what unfairness he will be subjected to via mediaite,0,0.6569772959,0,0
132,senate republicans confirmed a historic circuit court judges in which is the most in a president first year of office since the circuit courts were created in,tmrw house democrats will vote on hr1 the for the people act this act would take huuuge money out of politics clean up corruption ensure fair elections this bill is revolutionary b/c it is created for the people not special interests,0.5909442849,0.6157591343,1,1
133,with members of the ismaili community at the santa monica july 4th parade america is great,great to be in fort drum new york with our heroes,0.4144792037,0.5741785169,0,0
134,dreamers are our neighbors our children classmates and members of our military we see you we stand with you to defend daca,i appreciate the support of tedcruz and mike leefor utah these conservative fighters say they need reinforcements to stand with them see for yourself what they have to say about our campaign and share if you agree it is time to send in the marine to take back washington wisen,0.2390457219,0.6576225162,0,0
135,just introduced the rim of the valley preservation act to protect 11k acres of open space read more here,there is 580.2 million in neglected restoration projects on our public lands in az i introduced a bill to fix it,0.5555238068,0.6404508948,0,0
136,and i joined to discuss our efforts to uncover the truth behind highranking doj and fbi officials attempts to mislead americans if there were crimes they should be prosecuted to ensure what happened to never happens again,the american people deserve a clear understanding of what happened and what our vulnerabilities are so that this never happens again,0.1093102918,0.7264697552,1,1
137,the current system for funding wildfire prevention recovery and forest health is broken our bill provides a fix,the administration is trying to 'fix the va but for who they are trying to fix it for big pharma insurance companies and a for-profit industry that does not put veterans health care first aoc at the saving va healthcare town hall the bronx,0.6315552372,0.6492682099,1,0
138,"historic we just secured the largest new wilderness addition in new mexico since more than 270,000 acres this is going to make a huge difference in protecting special places like organ mountainsdesert peaks and rio grande del norte","historic we just secured the largest new wilderness addition in new mexico since more than 270,000 acres this is going to make a huge difference in protecting special places like organ mountains-desert peaks and rio grande del norte",0.9299238452,1.000000238,1,0
139,andy mccabe just defended his book tour as speaking truth to power mccabe lied to james comey he lied to the inspector general he lied to fbi investigators mccabe has a funny definition of speaking truth,the president says it is irrelevant whether he lied about dictating don jr. statement on the trump tower meeting because he was just being dishonest with the public no wonder he is trying to dodge answering special counsel mueller questions when he would be under oath,0.2320305803,0.8009046316,1,1
140,fact paris climate agreement pledged to spend trillions of dollars we do not have to shut down critical business all to maybe lower the global tempature by degree in years was correct to exit this horrible deal,today i joined sen markey to sound the alarm on climate change we need immediate action we only have years to slash greenhouse gas emissions in half years to prevent catastrophe that is the conclusion of scientists from 40+ countries,0.7071067812,0.7505611181,1,1
141,big vote coming up on cruz amendment which would block dc from reimposing an even more draconian obamacare individual mandate tax locally thank you vote yes,even with a proposed fix the gop tax scam repeal of the aca individual mandate is opposed by major national patient advocacy groups because it puts affordable care in jeopardy,0.2603965252,0.8152627945,1,1
142,tune in as i speak with reporters following attorney general barr testimony in the senate and as we look ahead to the house vote today on hr the climateactionnow act,tune in tomorrow at am when i will be at the playbookbreakfast discussing the new senate will be live on cspan 2. cc politico,0.2613461581,0.7992582321,0,0
143,"if you are married the first 24,000 you earn combined will not be taxed under the tax cuts and jobs act","instead of debating a marginal tax rate on the as most americans support the right pretends we are proposing a tax on all income that is simply not true if you make 10,000,001 a year a rate only applies to the last totaling cents",0.2466290483,0.7808617353,1,1
144,if advocating for commonsense gun safety reforms gives an rating i can live with that stop gun violence,the stop school violence act which i will be joining senorrinhatch to push for in the senate will provide states the justice dept grants to fund programs to stop gun violence before it happens,0.1291856549,0.7316857576,0,0
145,it is amazing that a federal district court just struck down california 10round magazine ban in an supported case 2a,just months ago mississippi 15-week abortion ban was struck down by the courts as unconstitutional so what does phil bryant ms do sign a 6-week ban into law a ban that is also unconstitutional extreme and dangerous for mississippians shameful,0.2588173346,0.7631859779,1,1
146,the british and canadian systems routinely deny access to care largely through long waiting lists and elimination of access to advanced medical treatments including cancer drugs,the british and canadian systems routinely deny access to care largely through long waiting lists and elimination of access to advanced medical treatments including cancer drugs,1,1.000000238,0,1
147,the administration is chipping away at lgbtq people rights when lgbtq people already eerience greater barriers to accessing health care than nonlgbtq people learn more tracking trump,liberal activists understand the importance of manipulating the census to advance their progressive causes and have long made clear they will use congress and the courts to impose their will on the administration,0.2308683155,0.6467008591,0,0
148,the midterms were clear we want more access to health care not less now the time to protect and eand access to abortion how new york reprorights advocates are doing just that pass rha,so many around the country have been hurt by rising premiums and reduced access to health care it is time to repealand replace obamacare,0.08297431888,0.7802907228,0,0
149,house republicans are intent on labeling their antifamily immigration legislation as a compromise it must be a compromise with the devil because it is not a compromise with democrats,democrats will have a unanimous vote on a issue in opposing republican senators tomorrow the dems are for open borders and crime,0.5257115692,0.8185030222,0,0
150,donald trump is a stain on justice and embodies the worst most ignorant corners of our country racial legacy,donald trump on accusations of racism it is the oldest play in the democratic playbook,0.314898888,0.7680388689,0,0
151,it is a fact that democrats supported the confederacy jim crow laws segregation the kkk japanese internment camps yet republicans are accused of being the party of racism,to those gop members who do not recall the president statements and those who were in the meeting have stayed shamefully silent on the issue the time has passed to put country over party censure trump root out racism,0.5983790078,0.7114312649,1,1
152,weird months is not enough time to prep strange how the people they all targeted were fine with testifying before these committees in my case for hours but they people in charge of the witch hunt they created will not i wonder why what a joke,new mueller indictments come just hours after potus called the mueller probe again a witch hunt before these new indictments mueller probe has already brought criminal charges against people and companies with guilty pleas and individual sentenced,0.2673331845,0.6263310909,1,1
153,cohen lied,he lied and your reporter should have said so while he was lying,0.5266403878,0.5619446635,1,1
154,donald trump must immediately cancel his meeting with putin protect our democracy,pelosi and schumer pretend to be for transparency and then they shut out the media from their meeting with real donald trump to hide their radicalism and open border globalist views from the american people,0.2863424631,0.7870846391,0,0
155,"to curb chicago gun violence, people need to take personal responsibility","facts about chicago with america strictest gun laws in people were gunned down in chicago 1,785 shootings in chicago this year killed people were shot and were killed last weekend a person is shot every hours and murdered hours this year in chicago",0.5139409226,0.7358981371,0,1
156,"the gop tacam is an attack on hardworking americans the nonpartisan cbo finds that by most people earning less than 75,000 a year would be worse off","democrats think that 1,000 does not goes very far for almost anyone tell that to the hundreds of thousands of american workers for have received some sort of bonus or wage increase due to tax reform in the tax cutsand jobs act",0.516973154,0.8426333666,0,0
157,the house judiciary committee is planning on hosting a hearing in the coming weeks addressing the rise of white nationalism in the us and the hate crime and hate speech surrounding the movement two sources with direct knowledge tell the daily beast,getting ready to be on foxandfriends to talk about the importance of my anti-semitism awareness act the rise in anti-semitic rhetoric and incidents across our nation must be met with unwavering condemnation,0.2192439173,0.7204666138,0,0
158,the only wh documents republicans want revealed before judge kavanaugh hearing are documents that have been prescreened and handpicked by his former deputy who is also steve bannon and don mcgahn lawyer you can not make this up what are they hiding,it is concerning that mr. mc cabe was allowed to stay at the fbi as long as he did it is also concerning that the fbi has continued to drag its feet on turning over documents to the house judiciary committee and other groups who have requested fbi documents through foia requests,0.2413610839,0.7809234858,0,0
159,us war crimes in yemen are a serious problem,just returned from oversight visit to u.s. counterterrorism programs in kenya somalia and djibouti very grateful to our brave military and intelligence officials who are working with our partners in e. africa to defeat al-shabaab and isis in somalia and aqap in yemen,0.2018835241,0.6914216876,0,0
160,president announced an agreement w/ canada and mexico to lift the steel and aluminum tariffs within days the president is doing his part democrats need to work with congressional republicans to ratify the usmca,time and again the president has threatened to use the government of the american people as a bargaining chip for his wall the president should leave his threats behind and work with congress republicans and democrats on a bipartisan path forward,0.3548398402,0.748059988,1,1
161,we should treat immigrants and refugees humanely cancel trump immigration polices no fees for citizenship applications and have a pathway to citizenship for the undocumented,securing america future act would have fulfilled many of real donald trump immigration priorities implementing mandatory e-verify ending chain migration ending diversity visa lottery ensuring there was no path to citizenship for daca recipients and building a border wall,0.1489630168,0.8816005588,0,0
162,thinking of the virginia beach community the families forever changed the lives cut short by gun violence and the inaction in this country to prevent it i want to work with you to meet this crisis with the urgency it demands and finally end this epidemic,defeating this epidemic will require the commitment of every state local and federal agency failure is not an option addiction is not our future we will liberate our country from this crisis crisis next door,0.2486856375,0.7135525942,0,0
163,we need the facts the truth full accountability and real justice for what happened to our country in 2016 we need to do the right thing for our democracy and we need to do it now congress should begin impeachment proceedings,if atty gen sessions does not appoint a 2nd special counsel the clintons will get away with it again and the folks in the deep state will get away with it again we can do in congress to expose facts to tell the american people what happened we can not put handcuffs on anybody,0.2690638842,0.7743084431,0,0
164,instead of locking up kids and families who are seeking asylum we can connect them with case managers through the family case management program it will do a better job helping them follow our laws and it costs a tenth of the price,this is the border caravan being handed cash to illegally enter the us who is funding this who is behind this someone is sponsoring the erosion of our border and laws why is it fair they get to cut in line while immigrants across the rest of the world have to follow the law,0.2431266649,0.6155002117,0,0
165,climate change is here and we have got a deadline 12 years left to cut emissions in half a green new deal is our plan for a world and a future worth fighting for,the green new deal is not energy and climate policy it is a plan for government control over every american economic life,0.0846794843,0.7822948694,0,0
166,medicare for all is sound policy one may disagree with it but plenty of other countries have single payer and better outcomes than the us,do your homework ahead of the medicare for all hearing next tuesday we have got you covered a majority of americans oppose a plan that would under a medicare for all single payer health care system decrease access increase costs and decrease choices,0.1381864756,0.8570684195,0,0
167,the gop is working overtime to dismantle labor unions which are exceedingly popular with the american public unions secure higher wages and better work conditions we should support them even if we are not in one,structural economic changes is one of the major reasons why even with a booming economy and low unemployment paychecks are not rising fast enough compared to the cost of living many of the old ideas wont work we urgently need new ideas to address this,0.2790159394,0.6922746897,0,0
168,we can get universal day care  prek college and a student debt jubilee with a simple 2 percent wealth tax,"next year typical families of four earning 73,000 a year will get a tax cut of 2,059 this is real and meaningful savings for families all over america tax cutsand jobs act",0.6287167148,0.716039896,0,0
169,if mexico does not do more we will have over a million illegal immigrants from central america next year i do not like tariffs but in this case it is a national security issue and mexico needs to change their behavior,media rep swalwell to ana cabrera we have a net outflow of illegal immigration since in our country more illegal immigrants are going from the united states to mexico than the other way more of ericswalwell position on immigration here,0.2759697552,0.8668863773,1,1
170,i support president trumps decision to impose tariffs on mexico until they up their game to help us with our border disaster the illegal flows from central america must stop and mexico needs to do more,the american people do not want to spend billions of dollars on a wall which trump told us would be paid for by mexico they want to protect dreamers and working families,0.6426674771,0.8079917431,1,1
171,when it comes to mexico i will stand behind president trump regarding new initiatives to get mexico to up its game to stop the thousands of illegal immigrants coming from central america many with small children claiming asylum at the southern border,trump continues to lie and stoke fears about an imaginary crisis at our southern border the real crisis is with the thousands of federal workers and their families who are going unpaid can not make rent and pay their bills as a result of the trump shutdown,0.1325144575,0.7076453567,1,1
172,and as for me mueller case is over mr mueller has decided to move on and let the report speak for itself congress should follow his lead,democrats are obsessed with ag barr letter to congress but they seem to be forgetting that he allowed the mueller report to be released to the public in its entirety democrats got exactly what they asked for and it still was not enough when will they move on,0.251319307,0.7105215788,0,1
173,donald trump is doing a great job,donald trump has proven over and over again that he has unfit to be our commander-in-chief,0.3021375397,0.8518979549,1,1
174,i have a lot of sympathy for president trump i have never seen anybody treated this way,democrats hate trump a lot more than they love america,0.2121844479,0.7849812508,0,1
175,this president has cut back more federal regulation in 2 and a half years than any president in american history we have unleashed american energy the usmca along with other trade agreements is evidence that this president is focused on jobs focused on growth,press sec yesterday the president has been focused on north korea he has focused on trade deals he has focused on rebuilding our military the economy and that is what he has spending his time on not responding to other things potus today back to his usual focus himself,0.3588449364,0.7388650179,1,1
176,we can not continue to operate as a sovereign country with no borders and without enforcement of our law and mexico needs to enforce their southern border as well we are hopeful they will step up and help fix this problem,and brings millions of hardworking people into the formal economy fixes the family visa backlog upholds the rule of law and protects our borders and national security,0.2237474011,0.7018088698,1,1
177,democrats spent two years and over 30 million in taxpayer money lying saying there was proof of obstruction that there was proof of collusion there was none of it,with the president continuing to claim that the investigations have produced no evidence of collusion it is worth examining the public record after nine months of work reality diverges sharply from mr. trump vehement denials,0.2545984532,0.7650917768,1,1
178,climate change is a big hoax and we can not afford to fix it there are more important things to focus on,gaetz believes in climate change not epa routzen more,0.1145163829,0.7464213371,0,1
179,women should have the right to choose,how can the era claim to be for women while also enshrining the right to end a girl life before she is born what about equal rights for unborn women er ahearing,0.1280454837,0.7459210157,0,0
180,abortion is healthcare,abortion is health care,0.6389431042,0.9790378809,1,0
181,robert mueller statement makes clear that congress has a right we believe an obligation to continue our constitutionally mandated oversight without interference or stonewalling and follow the facts wherever they may lead,i experienced bad trade policy firsthand under the obama administration and believe it is time for congress to work with the president to restore power to the american people congress must restore its constitutional obligations cc sen mike lee,0.5983790078,0.7587400675,0,0
182,in the 21st century women must be able to make their own health care decisions when a woman is in control including having access to a safe legal abortion she can plan her future plan her family and stay independent and financially secure,the american people deserve more access to higher-quality lower-cost health care we should be able to keep the plans we like and the doctors we trust government-run health care like medicarefor all does the exact opposite,0.1401738851,0.5857622623,0,0
183,climate change poses an existential threat to all of us but the president and the trump administration are undermining the science we need to protect our families our security and our economy,house democrats message on earth day2019 a trillion gov't takeover of entire u.s. economy is the only solution to climate change house gop message on earth day we have bipartisan solutions to protect the environment the economy learn more,0.3490548038,0.7552574873,0,0
184,the gop and the lobbyists and the corporate funded think tanks are wrong about taxes we did not get any gdp or wage growth from the trump tax cuts we just got companies buying back shares and a bigger deficit,we have tried it the way of the left by raising taxes and growing government and that led to no wage growth and gdp growth under now we are going to try it the republican way by actually cutting taxes and letting the american people keep more of their own money in their pocket,0.264462806,0.8817884922,0,0
185,democrats one size fitsall health care system will not work the uscbo recently issued a report raising warning signs about government run health insurance including longer lines higher taxes and lower quality care,under the house gop the cost of prescription drugs keeps going up while seniors and working families are feeling the squeeze a democratic congress will work for the people to lower rx drug prices and health care costs for all americans,0.2642783184,0.8318215609,1,1
186,medicare for all will bankrupt medicare for current and future seniors and kick 150 million americans off their current insurance,medicare for all means expanded and improved medicare for everyone including current beneficiaries,0.1941219423,0.8971446753,1,1
187,thanks to republicans tax reform americas economy is strong healthy and growing,republicans gave huge tax cuts to corporations and the top now thanks to the gop tax scam millions of americans could be paying more in taxes for,0.2905080847,0.8348594904,1,1
188,the economy under trump is doing well all due to him,from sen sanders do not buy the lies trump and his billionaires might be doing well but the economy is not the best it is ever been at least not for working families,0.3264971029,0.83180058,1,1
189,kneeling during the national anthem is very disrespectful to our troops,trump will mock a veteran and war hero but is against taking a knee during our anthem because he thinks it is disrespectful to our military,0.1665383133,0.6971940994,1,1
190,guns are a fundamental right secured by the constitution,i will continue to defend the right to keep and bear arms and all our rights under the constitution as senator for the great state of texas 2a nra,0.2465422223,0.8412549496,0,1
191,the democrats treated kavanugh very poorly,jjauthor the democrats,0.2795279274,0.7853815556,1,1
192,kavanaugh should not be on the supreme court and now it is compromised,avenatti should appeal this all the way up to the supreme court,0.2567070566,0.8040950298,0,0
193,the green new deal is socialist and bad for the american people,the green new deal is trending in the united states,0.3366077358,0.736317873,1,1
194,the trans military ban is inhumane,the military can accept only qualified effective and able-bodied individuals anyone expected to need more than routine medical care is not qualified without this lawful ability to discriminate we would place our military in jeopardy of not being able to protect the nation,0.5139409226,0.6427924633,0,0
195,trump is a racist,did you know joe biden embraced segregation in claiming it was a matter of 'black pride' and he is the one that is saying trump is a racist,0.08055259302,0.8102635145,0,0
196,trans people should be treated equally,the equality act creates a special class of citizen on the basis of this belief and criminalizes public expression of disbelief it in no way validates trans people it only restricts the speech and freedom of people who think differently than the law permits,0.1803130734,0.7253582478,0,0
197,democrats are waging a war on christian values,democrats are standing up for women and families who suffer under the gop tax scam,0.3123939937,0.7508792281,1,0
198,guns do not kill people people kill people we need to improve mental health,every day in this country guns are used by good people to defend themselves against bad people and h.r is going to make it harder for them to get access to these guns this is a bad gun control bill that does nothing but criminalize law-abiding citizens,0.5401203412,0.7805426717,0,1
199,political correctness is ruining our country,racism homophobia sexism and anti-semitism are real in this country we have to deal with that sotu,0.4924790605,0.7252542377,1,1
200,trump is not a racist he has achieved the lowest unemployment rate for blacks and hispanics,trump has vilified mexicans and immigrants since day one of his campaign that is not what america stands for,0.3639412531,0.8198049068,1,1
201,russian collusion was a myth,we have very good circumstantial evidence that the trump team the family the businesses were eager to work and were working with the russians while the russians were helping them in the court of law that is enough democrat rep swalwell says about russian collusion,0.1782753104,0.6804715395,1,1
202,abortion is murder,abortion is a human right,0.5623413252,0.8896689415,1,1
203,mitch mcconnell is a terrible human being who chooses party over country,former pres obama the consequences of anybody sitting out of this election are profound the character of our country on the ballot,0.4617366309,0.7487924099,1,0
204,republicans choose party over country and do not care about what trump does and let him get away with everything,this man is going to win says reince of trump in erie he has going to save our country,0.5403952144,0.7459858656,0,0
205,the trump administration is trying to silence our nation scientists  but the facts speak for themselves the climate crisis is real and it has dangerous effects on our health and our future,patrick moore co-founder of greenpeace the whole climate crisis is not only fake news it is fake science there is no climate crisis there has weather and climate all around the world and in fact carbon dioxide is the main building block of all life foxandfriends wow,0.1226277103,0.7902324796,0,0
206,the trump administration is trying to remove protections for preexisting conditions,i am grateful the trump administration is unveiling its plan to pare back this unfair unworkable and likely illegal policy,0.1267371854,0.8254670501,0,0
207,college should be free for all americans,you do not need to go to college to be successful in america,0.6262844963,0.7140248418,0,0
208,arming teachers is a terrible idea for addressing gun violence,parkland shooting commission finds that arming some highly-trained teachers would help prevent school shootings d loesch joins me tonight,0.5695988433,0.8439306021,0,0
209,republicans want to take away healthcare because they are bought by health insurance companies,the choice is clear democrats want the government to take over your health care real donald trump and republicans want to improve quality reduce the price of prescription drugs restore the doctor-patient relationship and lower the costs,0.1339305793,0.8167836666,0,0
210,black lives matter is a terrorist organization,fact miami police department is a majority minority force white hispanic black the supposed racist police is actually made up of concerned committed community members who put their lives on the line to prevent more violence against their own neighborhood,0.2250265948,0.7691258192,0,1
211,the tax cut and jobs act will simplify our code and lower taxes tax reform,the senate tax bill is at root a middle-class tax hike to pay for a tax cut for the wealthy of households making 5+ million get a tax cut of household making 30k- 100k get a tax cut new analysis just out,0.2195364873,0.8690571189,1,1
212,today i introduced a bill to eliminate health care exemptions for members of congress in america lawmakers are not above the law,today i introduced a bill to eliminate health care exemptions for members of congress in america lawmakers are not above the law,1,1.000000119,0,1
213,american businesses are growing and hiring more workers trillions of dollars are coming back from overseas to be re-invested into our economy these are exactly the outcomes we thought would happen from tax reform,we have seen bankers who crashed our economy get bonuses while workers who brought our country back can not even get a raise that is not right it is time we built an economy that gives dignity to hard-working americans,0.2490328639,0.8448505402,1,1
214,given the latest allegations against judge kavanaugh republicans need to immediately suspend the proceedings related to his nomination and the president must order the fbi to reopen the background check investigation,must-watch i will be demanding answers from deputy ag rosenstein and fbi director wray about fbi and doj conduct during the election at today house judiciary hearing the doj needs to turn over all documents to the house immediately,0.6729864885,0.8657761216,0,0
215,their budget calls for massive cuts to education they cut 4.9 billion in year out of elementary and secondary education,democrats are happy to spend trillions of dollars each year on failed government programs yet they refuse to approve just billion for a wall,0.7071067812,0.7209295034,0,0
216,the person donald trump has nominated to lead the environmental protection agency does not believe climate change is a crisis that is not only a disgrace it is incredibly dangerous to the future of our planet,scott pruitt ok is dedicated to environmental protection and exceptionally qualified to lead the epa,0.07303009864,0.7327347398,0,0
217,the trump admin is using the courts to gut affordable care act protections including those for million americans with pre-existing conditions democrats just authorized the house to defend the aca against a suit trying to undermine the law we will protect americans care,today democrats in the house are holding their first ever hearing on their government takeover of the health care system that would abolish private health insurance coverage for million americans and result in trillion in tax increases,0.128080676,0.8235046864,0,0
218,march_for_life my only planned child is the one we adopted in fact probably the vast majority of humans have been unplanned throughout history when did lack of being plannned and plotted become a death sentence,the u.s. is one of the only countries where maternal mortality has risen in the past yrs while we debate abortion mothers are dying at a rate that is unheard of we rank 32nd out of the 35th richest nations when it comes to infant mortality stop the bans,0.6883338881,0.7021625042,1,1
219,despite real donald trump repeated claims the documents released today by the trump doj provide clear evidence of trump campaign official carter page coordination w/ russia to undermine and illegally influence the election,"50,302 the number of dollars spent per day on the mueller witch hunt the number of days spent fishing for a crime with no evidence 2,800 the number of subpoenas issued the number of americans indicted for colluding with russia the year trump will win re-election",0.624575655,0.7336968184,0,0
220,whether trump gag rule or sasse bill undermining the patient-doctor relationship means worsening the health care patients deserve and taking away access to crucial reproductive health care protect providers,imagine the lower costs and additional options patients could have if the senate followed the house action to repeal and replace obamacare with a patient-centered market-based health care system that prioritizes affordability quality and choice,0.2769413275,0.7136992216,0,0
221,we must prepare to take-on an administration that converts its hate rhetoric into hate actions we can not wait this must happen now,this evil anti-semitic attack is an assault on humanity it will take all of us working together to extract the poison of anti-semitism from our world we must unite to conquer hate,0.2788751999,0.7560762167,0,0
222,multiple huge lawsuits have proven that african americans w/ the same credit scores and incomes as whites are routinely charged higher interest rates on car loans tomorrow the senate including several democrats is voting to end protections from this,facts zero republican senators opposed the civil rights act of democrats filibustered for hours before voting against it to try and prevent blacks from voting,0.3998047049,0.6857537031,0,0
223,this country is stronger at home and abroad because of our policies that continue to help make americans better off now,america is strongest when we lead with our values at home and abroad,0.1156613246,0.7925245762,1,1
224,we need to build a wall to protect americans from mexicans illegally entering our country,build a wall of steel a wall as high as heaven against immigrants ku klux klan convention we know our history and we are determined not to repeat its darkest hour america is a nation of immigrants without immigrants we are not america,0.1128287848,0.8030229807,1,1
225,millions of women and countless survivors watched the senate testimony and they have been pleading with senators to reject brett kavanaugh supreme court nomination stop kavanaugh believe survivors,what do dick durbin dianne feinstein and patrick leahy all have in common they were all senators who voted not to convict democrat bill clinton in his impeachment trial yet they all presided over the failed public lynching of justice kavanaugh,0.6646247846,0.7626135349,0,0
,,,,,,
,,Averages,0.3368668036,0.7252248592,,